{
  "timestamp": "2025-09-09T12:54:17.337370",
  "height_cm": 140,
  "weight_kg": 40,
  "bmi": 20.408163265306126,
  "confidence_score": 0.83,
  "uncertainty_height": 1.0,
  "uncertainty_weight": 2.0,
  "processing_time_ms": 716.4602279663086
}