{
  "timestamp": "2025-09-11T01:24:32.530771",
  "height_cm": 173.3657004342057,
  "weight_kg": 72.06256949413108,
  "confidence_score": 0.9020000000000001,
  "auto_saved": true
}