{
  "timestamp": "2025-09-11T01:27:02.711235",
  "height_cm": 140.0,
  "weight_kg": 44.67632628438559,
  "confidence_score": 0.9029200000000002,
  "auto_saved": true
}