{
  "timestamp": "2025-09-11T01:25:56.264983",
  "height_cm": 166.6040139535656,
  "weight_kg": 70.30123833675638,
  "confidence_score": 0.8670000000000002,
  "auto_saved": true
}