{
  "timestamp": "2025-09-11T02:34:27.151706",
  "height_cm": 140.0,
  "weight_kg": 46.08430116701599,
  "confidence_score": 0.9029200000000002,
  "auto_saved": true
}