{
  "timestamp": "2025-09-11T02:31:38.658365",
  "height_cm": 140.0,
  "weight_kg": 46.255999999999986,
  "confidence_score": 0.9029200000000002,
  "auto_saved": true
}