{
  "timestamp": "2025-09-11T01:30:14.299469",
  "height_cm": 140.0,
  "weight_kg": 48.14677095226334,
  "confidence_score": 0.9029200000000002,
  "auto_saved": true
}