{
  "timestamp": "2025-09-11T01:31:50.876634",
  "height_cm": 171.3336435953711,
  "weight_kg": 73.55491297684686,
  "confidence_score": 0.8670000000000002,
  "auto_saved": true
}