{
  "timestamp": "2025-09-11T01:27:49.334579",
  "height_cm": 165.4471457783962,
  "weight_kg": 73.34355674474479,
  "confidence_score": 0.874,
  "auto_saved": true
}