{
  "timestamp": "2025-09-11T01:23:10.374253",
  "height_cm": 140.0,
  "weight_kg": 45.94176643307712,
  "confidence_score": 0.9029200000000002,
  "auto_saved": true
}